{"learning_rate": 0.0, "train_loss": 0.5349696278572083, "_timestamp": 1715850489.8070247, "_runtime": 361.00696063041687, "_step": 125, "_wandb": {"runtime": 360}}